{
  "name": "Eden-Event-JINGJI",
  "version": "0.0.1",
  "styleFileList": [],
  "scriptFileList": [],
  "tweeFileList": [
    "game/Shousi.twee",
    "game/Eden-YueHui.twee"
  ],
  "imgFileList": [],
  "additionFile": [
    "readme.md"
  ],
  "addonPlugin": [
    {
      "modName": "TweeReplacer",
      "addonName": "TweeReplacerAddon",
      "modVersion": "1.0.0",
      "params": [
        {
          "passage": "Cabin Eden Actions",
          "findString": "<<if $daily.eden.search is undefined or $daily.eden.search lt ($NPCName[$NPCNameList.indexOf(\"Eden\")].love / 40)>>",
          "replace": "\t<!--添加事件在此。//-->\n<<if $daily.eden.yuehui isnot 1 and $NPCName[$NPCNameList.indexOf(\"Eden\")].love gte 100>>\n\t<br>\n\t<<link [[和伊甸提议去镇子上约会|Eden YueHui]]>><</link>>\n\t<br>\n<</if>>\n\t<!--添加事件在此。//-->\n<<if $daily.eden.search is undefined or $daily.eden.search lt ($NPCName[$NPCNameList.indexOf(\"Eden\")].love / 40)>>"
        },
        {
          "passage": "Widgets Cabin",
          "findString": "\t<<if Time.monthDay is 31 and $halloween_eden is 1 and $halloween_eden_bought is 1 and !$halloween_eden_candy_given>>",
          "replace": "<!--添加选项在此。//-->\n\t<<if $daily.eden.yuehui isnot 1 and $NPCName[$NPCNameList.indexOf(\"Eden\")].love gte 100>>\n\t\t<<link [[和伊甸提议去镇子上约会|Eden YueHui]]>><</link>>\n\t\t<br>\n    <</if>>\n\n\t<<if Time.monthDay is 31 and $halloween_eden is 1 and $halloween_eden_bought is 1 and !$halloween_eden_candy_given>>"
        },
        {
          "passage": "Canteen",
          "findString": "<<if $daily.school.lunchEaten isnot 1 and $exposed lte 0>>",
          "replace": "\t<!--寿司事件添加选项位置。//-->\n\t<<if $schoolstate is \"lunch\" and $daily.school.lunchEaten isnot 1 and $exposed lte 0 and $daily.school.lunchShousi isnot 1 and $edenradiointro is 2>>\n\t<br>\n\t嘿！孩子！过来一下！\n\t<br><br>\n\t当你走入食堂时，你听到一个熟悉的声音在喊你的名字，你转过头去，看到一个大嫂站在通往后厨的门框旁冲你挥舞她沾满面粉的双手。\n\t<br><br>\t<<link [[走过去 (0:15)|Shousi]]>><<pass 15>><<set $daily.school.lunchEaten to 1>><</link>><br>\n\t<</if>><br>\n\t\n\t<<if $schoolstate is \"lunch\" and $daily.school.lunchEaten isnot 1 and $exposed lte 0 and $needShousi is 1 and $ShousiCailiao isnot 1>>\n\t<br>\n\t<<link [[前往十号窗口|GetShousiCailiao]]>><</link>>><<set $ShousiCailiao to 1>>\n\t<br>\n\t<</if>><br>\n\t\t<<if $daily.school.lunchEaten isnot 1 and $exposed lte 0>>\t"
        },
        {
          "passage": "Cabin Eden Actions",
          "findString": "<<if Time.hour gte 18 and Time.hour lte 23>>",
          "replace": "<<if Time.hour gte 18 and Time.hour lte 23>>\n\t<!--伊甸小屋里寿司事件添加选项位置。//-->\n\t<<if $ShousiCailiao is 1 and $EdenShousi isnot 1>>\n\t<br>\n\t<<link [[拿出寿司材料|Eden Shousi]]>><</link>>\n\t<br>\n\t<</if>>\n\t<br>"
        }
      ]
    }
  ]
}